<?xml version="1.0" encoding="UTF-8" standalone="yes"?>
<addon id="plugin.video.pld.tododeportes" name="[COLOR lime]PLD-TODODEPORTES[/COLOR]" version="1.0.0" provider-name="[COLOR blue]ProyectoLuzDigital[/COLOR]">
  <requires>
    <import addon="xbmc.python" version="2.1.0"/>
  </requires>
  <extension point="xbmc.python.pluginsource" library="default.py">
    <provides>video</provides>
  </extension>
  <extension point="xbmc.addon.metadata">
    <summary lang="en"></summary>
    <description lang="en"></description>
	 <description>PLD-TODODEPORTES  [COLOR blue]ProyectoLuzDigital[/COLOR]. Creado por El Grupo PLD,  </description>
    <platform>all</platform>
  </extension>
</addon>