﻿<?xml version="1.0" encoding="UTF-8" standalone="yes"?>
<addon id="plugin.video.latinowebtv" name="[B][COLOR lime]Latino Web TV[/COLOR][/B]" version="2.0" provider-name="MARIOCS">
  <requires>
    <import addon="xbmc.python" version="2.1.0"/>
    <import addon="script.module.beautifulsoup" version="3.2.1"/>
    <import addon="script.module.simple.downloader" version="0.9.4"/>
    <import addon="script.module.beautifulsoup4"/>
    <import addon="script.module.simple.downloader" version="0.9.4"/>
    <import addon="script.module.requests"/>
    <import addon="script.module.httplib2"/>
    <import addon="script.module.youtube.dl" optional="true"/>
    <import addon="plugin.video.youtube"/>
    <import addon="script.module.urlresolver" optional="true"/>
    <import addon="script.module.simplejson"/>    
  </requires>
  <extension point="xbmc.python.pluginsource" library="default.py">
    <provides>video</provides>
  </extension>
  <extension point="xbmc.addon.metadata">
    <summary>Los Mejores Canales de toda Latinoamerica,Series Y mas Solo Aqui en Latino Web TV</summary>
    <description>Pagina en Facebook: fb.com/latinowebtv 
	Pagina Oficial para TV Online: latino-webtv.com</description>
   <platform>all</platform>
  </extension>
</addon>
