<?xml version="1.0" encoding="UTF-8" standalone="yes"?>
<addon id="repository.Team-Ultimate" name="Team-Ultimate" version="1.0.0" provider-name="Ultimate">
	<extension point="xbmc.addon.repository" name="Repository Team-Ultimate">
		<info compressed="false">http://tv-ultimate.net/repo/master.xml</info>
		<checksum>http://tv-ultimate.net/repo/master.xml</checksum>
		<datadir zip="true">http://tv-ultimate.net/repo/zips</datadir>
	</extension>
	<extension point="xbmc.addon.metadata">
		<summary>Actualizacion Team-Ultimate</summary>
		<description>Team-Ultimate</description>
		<platform>all</platform>
	</extension>
</addon>



